Numero;Fichier texte;Qr-code;Cle;Operateur;Denomination de l'action;Projet
0;000_public_address.txt.txt;000_public_address.txt.png;0xAE29Be8d7161118bdBdb5443a4dFe7D1AdcCDA2a;A vélo sans âge - Antenne de Boulogne-Billancourt;A vélo sans âge !;A vélo sans âge - Antenne de Boulogne-Billancourt / A vélo sans âge !
1;001_public_address.txt.txt;001_public_address.txt.png;0x1C6f7377842257e10D6184D3750F931d45D21dD3;ACCCOMPAGNIMAGE;Accompagnimage: Accompagnement individuel, Compagnonnage en équipe, le tout en Image;ACCCOMPAGNIMAGE / Accompagnimage: Accompagnement individuel, Compagnonnage en équipe, le tout en Image
2;002_public_address.txt.txt;002_public_address.txt.png;0x6054076B0F5Aa238C9bcDD12f10D320ad512454f;ADAM VISIO;HappyVisio - conférences et ateliers en direct par visioconférence.;ADAM VISIO / HappyVisio - conférences et ateliers en direct par visioconférence.
3;003_public_address.txt.txt;003_public_address.txt.png;0xDC06E02d6b9116652596B8913fD7a68Fc457d29c;ADAPTIA;Adaptia - l'ergothérapie au service de l'autonomie;ADAPTIA / Adaptia - l'ergothérapie au service de l'autonomie
4;004_public_address.tx.txt;004_public_address.txt.png;0x92b4d5a7bF90bDeD4F1000015F649F047d141Af1;AGI EQUILIBRE;Préserver l’autonomie des personnes et lutter contre l’isolement par l’activité physique adaptée et accompagnée;AGI EQUILIBRE / Préserver l’autonomie des personnes et lutter contre l’isolement par l’activité physique adaptée et accompagnée
5;005_public_address.txt.txt;005_public_address.txt.png;0x14Bbaf04aa313f6569BFEa3102B5F3320f29F66B;ANTONY CCAS;Accompagnement à l'utilisation d'une tablette comme support de jeux de stimulation cognitive;ANTONY CCAS / Accompagnement à l'utilisation d'une tablette comme support de jeux de stimulation cognitive
6;006_public_address.txt.txt;006_public_address.txt.png;0x07f024DAd6ea5767CBaE866e37ADdEBCf79B1C1c;ANTONY CCAS;Ateliers mémoire;ANTONY CCAS / Ateliers mémoire
7;007_public_address.txt.txt;007_public_address.txt.png;0x6FE56F9a7D482Bff73056DBB5bB6bB1BF0a22612;ANTONY CCAS/CLIC;Conseils et informations sur les solutions techniques pour adapter le logement;ANTONY CCAS/CLIC / Conseils et informations sur les solutions techniques pour adapter le logement
8;008_public_address.txt.txt;008_public_address.txt.png;0x2EA437e70BA926F95DF539e1baE539e3316a1206;ANTONY CCAS/CLIC;Halte répit d'Antony;ANTONY CCAS/CLIC / Halte répit d'Antony
9;009_public_address.txt.txt;009_public_address.txt.png;0xC5E94b4C21851E4f4369541Ba12D1f70a5871160;ANTONY CCAS/CLIC;Parcours formation santé à destination des aidants familiaux et des aidés;ANTONY CCAS/CLIC / Parcours formation santé à destination des aidants familiaux et des aidés
10;010_public_address.txt.txt;010_public_address.txt.png;0xf524Ec3a124216feC06542EF98eb802ee160DeB3;ASAP SOLUTIONS;Recensement de l'inclusion numérique dans les Hauts-de-Seine;ASAP SOLUTIONS / Recensement de l'inclusion numérique dans les Hauts-de-Seine
11;011_public_address.txt.txt;011_public_address.txt.png;0xC4fB4bdef11ED66cebb54DE36c6C52FE513b2aA9;ASNIERES CCAS;Ateliers Bien-être : ateliers de socio-esthétique en direction des aidants;ASNIERES CCAS / Ateliers Bien-être : ateliers de socio-esthétique en direction des aidants
12;012_public_address.txt.txt;012_public_address.txt.png;0x8F4cA91542409478e90b10397032933231508ee3;ASNIERES CCAS;Ateliers Mémoire;ASNIERES CCAS / Ateliers Mémoire
13;013_public_address.txt.txt;013_public_address.txt.png;0xA6321E98353ceD9c1650f53743AD0106ebE18BbE;ASNIERES CCAS;Détente Café;ASNIERES CCAS / Détente Café
14;014_public_address.txt.txt;014_public_address.txt.png;0x38D5A064554679aBFBFE116bb4C0b4545dB0fD2A;ASNIERES CCAS;Journée nationale des aidants : conférence relative à la santé des aidants;ASNIERES CCAS / Journée nationale des aidants : conférence relative à la santé des aidants
15;015_public_address.txt.txt;015_public_address.txt.png;0x069279b7cbaDFC345B48541eb39b33dBA97A2475;ASNIERES CCAS;Petits déjeuners thématiques du CLIC;ASNIERES CCAS / Petits déjeuners thématiques du CLIC
16;016_public_address.txt.txt;016_public_address.txt.png;0x70F566D90752523D30f2f85A1BB28241BeC426CC;AUXILIFE 92;Digitadom;AUXILIFE 92 / Digitadom
17;017_public_address.txt.txt;017_public_address.txt.png;0xE251325C388b9e7ee7bd4A082E846077b96B4e04;BIEN VIEILLIR A BOULOGNE BILLANCOURT;Activité théâtrale;BIEN VIEILLIR A BOULOGNE BILLANCOURT / Activité théâtrale
18;018_public_address.txt.txt;018_public_address.txt.png;0x8e3e9b1087D90AA755689Ae01cA812dE32f2ea56;BOULOGNE-BILLANCOURT CCAS;Aidants : action de sensibilisation à l'occasion de la journée nationale des aidants;BOULOGNE-BILLANCOURT CCAS / Aidants : action de sensibilisation à l'occasion de la journée nationale des aidants
19;019_public_address.txt.txt;019_public_address.txt.png;0x2e32F622F0aEeb25EB6d78Dd044faB4a8163fE39;BOULOGNE-BILLANCOURT CCAS;Ateliers Bien-être seniors;BOULOGNE-BILLANCOURT CCAS / Ateliers Bien-être seniors
20;020_public_address.txt.txt;020_public_address.txt.png;0x11D741893a61F2f6DA26Eac149f779169cfFf3B6;BOULOGNE-BILLANCOURT CCAS;Bibliothèque d’aides techniques;BOULOGNE-BILLANCOURT CCAS / Bibliothèque d’aides techniques
21;021_public_address.txt.txt;021_public_address.txt.png;0xEBD975096476D0E05990f160f6301BFDFDAD6696;BOULOGNE-BILLANCOURT CCAS;Pack prévention des chutes;BOULOGNE-BILLANCOURT CCAS / Pack prévention des chutes
22;022_public_address.txt.txt;022_public_address.txt.png;0xCeE73c956c93c6b9F7139658C83Fde28C20A739e;BOULOGNE-BILLANCOURT CCAS;Salons des seniors;BOULOGNE-BILLANCOURT CCAS / Salons des seniors
23;023_public_address.txt.txt;023_public_address.txt.png;0x55E2ed4d9c5cE8E551BC33F759f3D2E95A8ad02a;BOULOGNE-BILLANCOURT CCAS;Scooters Seniors;BOULOGNE-BILLANCOURT CCAS / Scooters Seniors
24;024_public_address.txt.txt;024_public_address.txt.png;0x79DBf99aD8aC52E9F12334c744EA6DfD2ea2FFD5;BOURG LA REINE;Culture, citoyenneté/ Bien vieillir au contact des nouvelles générations;BOURG LA REINE / Culture, citoyenneté/ Bien vieillir au contact des nouvelles générations
25;025_public_address.txt.txt;025_public_address.txt.png;0xD2Af45A4bda7AeAC7CBaC2eE9F80E56f7a69e5a9;BRAIN UP;Conférence prévention santé : l'alimentation, les pathologies et la prévention;BRAIN UP / Conférence prévention santé : l'alimentation, les pathologies et la prévention
26;026_public_address.txt.txt;026_public_address.txt.png;0x5eE54a3C023335c0BaF3971927e5ddC0b6AD4e86;BRAIN UP;Les 5 sens en éveil;BRAIN UP / Les 5 sens en éveil
27;027_public_address.txt.txt;027_public_address.txt.png;0x1E23CEB26630630b16F37a71E6d071476fe56794;BRAIN UP;Plaisir, sécurité et sérénité au volant / Sérénité piétons;BRAIN UP / Plaisir, sécurité et sérénité au volant / Sérénité piétons
28;028_public_address.txt.txt;028_public_address.txt.png;0xD05eEb1638c9a19a8290E35Fd91287C8f7E7b87B;BRAIN UP;Sommeil, mieux le comprendre pour mieux le gérer;BRAIN UP / Sommeil, mieux le comprendre pour mieux le gérer
29;029_public_address.txt.txt;029_public_address.txt.png;0xAbDd40456dB71B699939261727c48aFaF9448E54;CETTEFamille ;Cette Famille;CETTEFamille  / Cette Famille
30;030_public_address.txt.txt;030_public_address.txt.png;0xEB1Ccd83f4b58438Ea015aB6795CEB805402aEb6;CHAVILLE;Le réseau des ainés;CHAVILLE / Le réseau des ainés
31;031_public_address.txt.txt;031_public_address.txt.png;0xA5d7Bc3bE357e65C5B368a6F58925769feEED924;CNAV Ile-de-France;"ADMR 95 : les RDV des retraités / AAP Cnav ""Inclusion numérique des retraités""";"CNAV Ile-de-France / ADMR 95 : les RDV des retraités / AAP Cnav ""Inclusion numérique des retraités"""
32;032_public_address.txt.txt;032_public_address.txt.png;0x4f61a9222d783C49EbDEDd73458888C0f04d0aDe;CNAV Ile-de-France;"Delta 7 : Irrigation  numérique / AAP Cnav ""Inclusion numérique des retraités""";"CNAV Ile-de-France / Delta 7 : Irrigation  numérique / AAP Cnav ""Inclusion numérique des retraités"""
33;033_public_address.txt.txt;033_public_address.txt.png;0x94E03ef87B2D69D18AbBa110426a4eb12AC9018D;CNAV Ile-de-France;"Emmaus connect - Découvrir et utiliser les outils numériques / AAP Cnav ""Inclusion numérique des retraités""";"CNAV Ile-de-France / Emmaus connect - Découvrir et utiliser les outils numériques / AAP Cnav ""Inclusion numérique des retraités"""
34;034_public_address.txt.txt;034_public_address.txt.png;0x71fa92D679a337042B0cC7448583ef37255f987b;CNAV Ile-de-France;"PIMMS Antony : Internet ? Pourquoi pas moi / AAP Cnav ""Inclusion numérique des retraités""";"CNAV Ile-de-France / PIMMS Antony : Internet ? Pourquoi pas moi / AAP Cnav ""Inclusion numérique des retraités"""
35;035_public_address.txt.txt;035_public_address.txt.png;0x0701C67D3bC6706B96B414841Be20F8F3f2Ae091;COLOMBES ;Sport santé sur ordonnance : PREVENTIC;COLOMBES  / Sport santé sur ordonnance : PREVENTIC
36;036_public_address.txt.txt;036_public_address.txt.png;0xF690A60f9b75CE0Ee910cE283c9d301f112B17E5;COLOMBES CLIC ;Parcours Bien-être pour aidants de plus de 60 ans;COLOMBES CLIC  / Parcours Bien-être pour aidants de plus de 60 ans
37;037_public_address.txt.txt;037_public_address.txt.png;0xC4714d69d36a7060120d7eABcdcf2f48446C6E5F;COMITE DEPARTEMENTAL EN KINESITHERAPIE;Ateliers Equilibr'Age : Prévention des chutes et de la perte d'autonomie chez les personnes âgées;COMITE DEPARTEMENTAL EN KINESITHERAPIE / Ateliers Equilibr'Age : Prévention des chutes et de la perte d'autonomie chez les personnes âgées
38;038_public_address.txt.txt;038_public_address.txt.png;0x952365b43487D9e55CCf27ad942782CCFe6bEF35;COMM'UN PANIER;Comm'un Panier, le covoiturage des courses !;COMM'UN PANIER / Comm'un Panier, le covoiturage des courses !
39;039_public_address.txt.txt;039_public_address.txt.png;0xD23b75EB200dF1084727d8Cf089892A1D7e31F12;CONSEIL DEPARTEMENTAL DES HUTS DE SEINE;Application Oldandhappy 92;CONSEIL DEPARTEMENTAL DES HUTS DE SEINE / Application Oldandhappy 92
40;040_public_address.txt.txt;040_public_address.txt.png;0xea8E69296E9C30de341aBc0030bA10E32CE42942;CONSEIL DEPARTEMENTAL DES HUTS DE SEINE;Le Culture Lab';CONSEIL DEPARTEMENTAL DES HUTS DE SEINE / Le Culture Lab'
41;041_public_address.txt.txt;041_public_address.txt.png;0xe0E6ae5D7F48ce1a3D294010eaCe9Add4f0B5CCf;CULTURE ET COMPAGNIE;Web TV Art de Vivre;CULTURE ET COMPAGNIE / Web TV Art de Vivre
42;042_public_address.txt.txt;042_public_address.txt.png;0xbE30828e94CcD4D43a4616cC5e9130Db243a874a;DES SOINS ET DES LIENS;La fabrique de Vitalité;DES SOINS ET DES LIENS / La fabrique de Vitalité
43;043_public_address.txt.txt;043_public_address.txt.png;0xF9b404A63E37dD0B763b94DEb19f6891a14743B8;DESTINATION MULTIMEDIA;Favoriser l’accès des seniors au numérique;DESTINATION MULTIMEDIA / Favoriser l’accès des seniors au numérique
44;044_public_address.txt.txt;044_public_address.txt.png;0x77a618da348D96fc7d2f2f2b617b018c8ab41fed;DOME;DÔME, le partage d'informations autour du maintien à domicile;DOME / DÔME, le partage d'informations autour du maintien à domicile
45;045_public_address.txt.txt;045_public_address.txt.png;0xD1a363F561853246A724D239335D6c65C0c2E4EA;DYNAFORM;Ateliers mini-trampoline pour seniors;DYNAFORM / Ateliers mini-trampoline pour seniors
46;046_public_address.txt.txt;046_public_address.txt.png;0xc233939894f7687B4Fa05AC4e113Bdda4337aC08;DYNSEO;Dynseo;DYNSEO / Dynseo
47;047_public_address.txt.txt;047_public_address.txt.png;0xe4353BfDF1e4643A5134729eEB56eA00009D6345;ECORESOAUTONOMIE;Centre d'information et d'essai des aides techniques basse vision;ECORESOAUTONOMIE / Centre d'information et d'essai des aides techniques basse vision
48;048_public_address.txt.txt;048_public_address.txt.png;0x58bFA2e06B9a074B9f443bbCDe392c6DEF139550;ECORESOAUTONOMIE;Ecoreso Autonomie Hauts de Seine;ECORESOAUTONOMIE / Ecoreso Autonomie Hauts de Seine
49;049_public_address.txt.txt;049_public_address.txt.png;0x56c67288B3f3fa27E4C3D1e9899528AF4f86583B;ENSEMBL';Le réseau social des voisins qui vient réinventer la solidarité de proximité.;ENSEMBL' / Le réseau social des voisins qui vient réinventer la solidarité de proximité.
50;050_public_address.txt.txt;050_public_address.txt.png;0xbEB08412625b7832ed6193b99506b8197D3A0291;ENSEMBLE 2 GEBERATIONS;Ensemble 2 générations;ENSEMBLE 2 GEBERATIONS / Ensemble 2 générations
51;051_public_address.txt.txt;051_public_address.txt.png;0x0eB29B0877695c9Add6c33cb144da83f6c650576;FAMILLE SERVICES;Accompagnement des personnes aidantes pour inscrire leur possibilité de répit dans la durée;FAMILLE SERVICES / Accompagnement des personnes aidantes pour inscrire leur possibilité de répit dans la durée
52;052_public_address.txt.txt;052_public_address.txt.png;0x408C745937b5D4Be76a93ccb1C6a608a5153bB01;FAMILLE SERVICES;CONNECT et MOI;FAMILLE SERVICES / CONNECT et MOI
53;053_public_address.txt.txt;053_public_address.txt.png;0xD99F89cbdf5d2206Fa2F308E8Fa2EBd193A4214A;GEEKZIE;Nos étudiants forment les séniors des Hauts-de-Seine au numérique;GEEKZIE / Nos étudiants forment les séniors des Hauts-de-Seine au numérique
54;054_public_address.txt.txt;054_public_address.txt.png;0x65F76503404A903313ddb7536E6FDa6C13E6fB83;GENNEVILLIERS;Partenariat CMS Gennevilliers et Hôpital Louis MOURIER, repérage de la fragilité en ambulatoire par les IDE.;GENNEVILLIERS / Partenariat CMS Gennevilliers et Hôpital Louis MOURIER, repérage de la fragilité en ambulatoire par les IDE.
55;055_public_address.txt.txt;055_public_address.txt.png;0x7B792086AeCd94726E73677b3D6b12fF61286213;GROUPE SOS SENIORS;Silver fourchette;GROUPE SOS SENIORS / Silver fourchette
56;056_public_address.txt.txt;056_public_address.txt.png;0x7a7Aa7d6291d4862ba81966a9F1A6CdF9b2A5007;HARMONIE MUTUELLE;Nombre de personnes inscrites ;HARMONIE MUTUELLE / Nombre de personnes inscrites 
57;057_public_address.txt.txt;057_public_address.txt.png;0xB162E686Ad8F09F6a85EBAf4443dB70E76d85C32;HOMERCI;Homerci, l'habitat partagé;HOMERCI / Homerci, l'habitat partagé
58;058_public_address.txt.txt;058_public_address.txt.png;0x8dCcF739fF87b630271d87e88767902EB6074314;HYPRA;Agir en prévention et en compensation de l’avancée en âge par le développement des usages numériques;HYPRA / Agir en prévention et en compensation de l’avancée en âge par le développement des usages numériques
59;059_public_address.txt.txt;059_public_address.txt.png;0x34866C7215D7Bd089835a49528c77A9511847796;IMPACT SPORTS ACADEMY;P@SS92 Séniors;IMPACT SPORTS ACADEMY / P@SS92 Séniors
60;060_public_address.txt.txt;060_public_address.txt.png;0xfA03Cf84cC85e0bDd19e9D1e061c36849639dCA5;INAWA;ATELIER INAWA DE MOTRICITE;INAWA / ATELIER INAWA DE MOTRICITE
61;061_public_address.txt.txt;061_public_address.txt.png;0x9261642bCF1A6b74C088B044330c7E7f80708a1a;INSTITUT DES HAUTS DE SEINE;CULTURE + pour personnes âgées isolées;INSTITUT DES HAUTS DE SEINE / CULTURE + pour personnes âgées isolées
62;062_public_address.txt.txt;062_public_address.txt.png;0x2b28De6380937e65d66958FC41F8ABa3A92851d5;INSTITUT DES HAUTS DE SEINE;Juvenior;INSTITUT DES HAUTS DE SEINE / Juvenior
63;063_public_address.txt.txt;063_public_address.txt.png;0x0F2Ac95e8B4C737F66D0d8fa9da81a299e737F61;KNOWSOS;Dr Frank contre Mr Non;KNOWSOS / Dr Frank contre Mr Non
64;064_public_address.txt.txt;064_public_address.txt.png;0x3CF0DC21194Ed2CC26D2B4965c705a44456Cc2B8;LA COMPAGNIE DES AIDANTS;Bien dans ma ville, Bien dans mon département;LA COMPAGNIE DES AIDANTS / Bien dans ma ville, Bien dans mon département
65;065_public_address.txt.txt;065_public_address.txt.png;0x0e358B94B98eCc7AdBfd4BA51Bc4b585B9bAEd13;LES AMIS DE SUZANE;LES AMIS DE SUZANE;LES AMIS DE SUZANE / LES AMIS DE SUZANE
66;066_public_address.txt.txt;066_public_address.txt.png;0xCAD1dC2818aa31B06d909f77133c1675df9398C2;LES AMIS D'HUBERT;Les amis d'Hubert;LES AMIS D'HUBERT / Les amis d'Hubert
67;067_public_address.txt.txt;067_public_address.txt.png;0xbbD62cfc1305428b890eCe63117A7691B3bA555D;MOVADOM;Accompagnement à la mobilité résidentielle des seniors en perte d'autonomie;MOVADOM / Accompagnement à la mobilité résidentielle des seniors en perte d'autonomie
68;068_public_address.txt.txt;068_public_address.txt.png;0x9b86D4B5b5734C6EFC0B4fb505a0A3Cc70050f58;MUFIF;Check up santé;MUFIF / Check up santé
69;069_public_address.txt.txt;069_public_address.txt.png;0xD1415d3797e7e51D49B2FbD7A5Ec8F53eA1e9E01;MUFIF;Mangez, bougez, relaxez;MUFIF / Mangez, bougez, relaxez
70;070_public_address.txt.txt;070_public_address.txt.png;0xF6e0eB587A55250Eb65A1A7cf66517649Ae998a7;NANTERRE CCAS;Développement des espaces  d'animation  et de rencontre de proximité  dans les quartiers de la ville;NANTERRE CCAS / Développement des espaces  d'animation  et de rencontre de proximité  dans les quartiers de la ville
71;071_public_address.txt.txt;071_public_address.txt.png;0x0e483c2c640d46ca6B2d965b6E986bbd52B35586;NANTERRE CCAS;La coordination bien-vieillir CBV, pour une action collective prevention coordonnée;NANTERRE CCAS / La coordination bien-vieillir CBV, pour une action collective prevention coordonnée
72;072_public_address.txt.txt;072_public_address.txt.png;0xFFaf3d5C0260f4fFE3E8A0f7569597d11cB3791B;NANTERRE CCAS;Le Comité des usagers de l'espace Amitiés et loisirs des séniors;NANTERRE CCAS / Le Comité des usagers de l'espace Amitiés et loisirs des séniors
73;073_public_address.txt.txt;073_public_address.txt.png;0xD2C00Beda43972fce4b51BA80699c3A61eb3EC74;NANTERRE CCAS;Le lien social au coeur des accompagnements;NANTERRE CCAS / Le lien social au coeur des accompagnements
74;074_public_address.txt.txt;074_public_address.txt.png;0xfE196242BA445a33197762afcb534fa02eF08694;NANTERRE CCAS;le numérique et les besoins des séniors Nanterriens;NANTERRE CCAS / le numérique et les besoins des séniors Nanterriens
75;075_public_address.txt.txt;075_public_address.txt.png;0x61E7055B6fD8C8f585792320B7cbFf7906ACa11F;NANTERRE CCAS;Le portage de repas à domicile dans la prévention de la dénutrition et la lutte contre l'isolement;NANTERRE CCAS / Le portage de repas à domicile dans la prévention de la dénutrition et la lutte contre l'isolement
76;076_public_address.txt.txt;076_public_address.txt.png;0xC4690e31d14E8e995872273DcEE1ac3442b3A125;NANTERRE CCAS;Les journées partagées;NANTERRE CCAS / Les journées partagées
77;077_public_address.txt.txt;077_public_address.txt.png;0xce2C20495c378FFF7897EB13fb34Cc14C79Fc20a;NANTERRE CCAS;Les sorties de Printemps Séniors de Nanterre;NANTERRE CCAS / Les sorties de Printemps Séniors de Nanterre
78;078_public_address.txt.txt;078_public_address.txt.png;0x81b05d1B7d9A81262AEaB03A53784E335Bd3c7e3;NANTERRE CCAS;L'intergénérationnel, de belles rencontres ...;NANTERRE CCAS / L'intergénérationnel, de belles rencontres ...
79;079_public_address.txt.txt;079_public_address.txt.png;0x1396ba65061AF8f8cC229f6C8eE73d2491552d06;NANTERRE CCAS;Pique-niques culturels;NANTERRE CCAS / Pique-niques culturels
80;080_public_address.txt.txt;080_public_address.txt.png;0xD8898141069B3EaFf053FE8cfEa6e3D928A02249;NANTERRE CCAS;Un séjour, pour s'évader du quotidien ...;NANTERRE CCAS / Un séjour, pour s'évader du quotidien ...
81;081_public_address.txt.txt;081_public_address.txt.png;0x876a296920A01D93b4eA59bA1A99F04a85955695;NANTERRE CCAS/CLIC;Les ateliers du CLIC;NANTERRE CCAS/CLIC / Les ateliers du CLIC
82;082_public_address.txt.txt;082_public_address.txt.png;0x4E53Dcd617539F6a9cECd922dB1F68faB84371aE;NANTERRE CCAS/CLIC;Programme émotions et bien-être;NANTERRE CCAS/CLIC / Programme émotions et bien-être
83;083_public_address.txt.txt;083_public_address.txt.png;0xDe0A965201Ff973c3eeFa55e47A0A9b08cBfa25f;NAOR INNOV;Nutrition, activité physique et lutte contre l'isolement à l'ère de l'internet 4.0;NAOR INNOV / Nutrition, activité physique et lutte contre l'isolement à l'ère de l'internet 4.0
84;084_public_address.txt.txt;084_public_address.txt.png;0xB899c1f2e9d45D1c16C353bF102F2af3dCe08f0F;neXt corner;neXtcorner;neXt corner / neXtcorner
85;085_public_address.txt.txt;085_public_address.txt.png;0x7a0d617607456EC229D22A23Af6C2a8C6c714014;NOTRE TEMPS BAYARD;Viens je t'emmène, la semaine des sorties entre générations;NOTRE TEMPS BAYARD / Viens je t'emmène, la semaine des sorties entre générations
86;086_public_address.txt.txt;086_public_address.txt.png;0x579e976E5BD6eFb5df7D5Ffa879e8081D118eF43;NOUVEAU SOUFFLE;Accompagnement coaching - Plaisir et projets à tout âge!;NOUVEAU SOUFFLE / Accompagnement coaching - Plaisir et projets à tout âge!
87;087_public_address.txt.txt;087_public_address.txt.png;0x8e993B9699d5948b8383faA988162e0e2a4B5b5f;OMEPS;"Animation d'une plateforme ""sport-santé"" Promotion de la santé par l'activité physique et le sport par la mise en place et l'animation d'une plateforme activités physiques ""sport-santé""";"OMEPS / Animation d'une plateforme ""sport-santé"" Promotion de la santé par l'activité physique et le sport par la mise en place et l'animation d'une plateforme activités physiques ""sport-santé"""
88;088_public_address.txt.txt;088_public_address.txt.png;0x09E3CDfd043F5b7a32a9916746C9b9f9b8bDA5d2;OPTEAM IT;Tablette BelAmi;OPTEAM IT / Tablette BelAmi
89;089_public_address.txt.txt;089_public_address.txt.png;0xd8920aDA877c8455344485c62F299fC606d37B7d;ORDISSIMO;"Outil ""Expliquez-Moi !""";"ORDISSIMO / Outil ""Expliquez-Moi !"""
90;090_public_address.txt.txt;090_public_address.txt.png;0x6dbA7634541701E678AF1490a2CE2D60d538cCED;PHILOMENE;"""A chaque quartier, son passé. A chaque territoire, son histoire.""";"PHILOMENE / ""A chaque quartier, son passé. A chaque territoire, son histoire."""
91;091_public_address.txt.txt;091_public_address.txt.png;0x084883f528ECbA12747F4290034f6108B028C1cB;PREDICAL;Solution d’accompagnement personnalisé et technologique dans la prévention de « la seconde chute » chez la personne âgée.;PREDICAL / Solution d’accompagnement personnalisé et technologique dans la prévention de « la seconde chute » chez la personne âgée.
92;092_public_address.txt.txt;092_public_address.txt.png;0x6920fc6A32226F2eA5760022F1402ffA264d7536;PRIF;Le Parcours Prévention PRIF;PRIF / Le Parcours Prévention PRIF
93;093_public_address.txt.txt;093_public_address.txt.png;0xcBeb8668Ee5b26a3f0cc148B688455cb467b6fF9;PRIMAT FREDERIC;Plateforme de services de mobilité pour seniors et personnes en perte d'autonomie;PRIMAT FREDERIC / Plateforme de services de mobilité pour seniors et personnes en perte d'autonomie
94;094_public_address.txt.txt;094_public_address.txt.png;0x04b5657EA71813a65EF368Abcf2120c143eC0a28;RESEAU ASDES;Accès aux droits : Favoriser l’accès permanent aux informations;RESEAU ASDES / Accès aux droits : Favoriser l’accès permanent aux informations
95;095_public_address.txt.txt;095_public_address.txt.png;0xf04DF6bbb15Ed187B9E8Ee29E8529bE5F918Cd70;RESEAU ASDES;Alimentation et activité physique adaptée pour un vieillissement réussi;RESEAU ASDES / Alimentation et activité physique adaptée pour un vieillissement réussi
96;096_public_address.txt.txt;096_public_address.txt.png;0x3f9b22490238683eDb5669dD7F09B3fAb9b1F515;RESEAU ASDES ;Dynamique cérébrale et mémoire : garantir le maintien des fonctions cognitives.;RESEAU ASDES  / Dynamique cérébrale et mémoire : garantir le maintien des fonctions cognitives.
97;097_public_address.txt.txt;097_public_address.txt.png;0xf379CAf898D879C74969995F18273c88B4750A48;RESEAU OSMOSE;AIDA;RESEAU OSMOSE / AIDA
98;098_public_address.txt.txt;098_public_address.txt.png;0x5fDd27241b748D061053809CD80456A6855831Ab;RESEAU OSMOSE;Permanences d'Information-prévention-promotion de la santé;RESEAU OSMOSE / Permanences d'Information-prévention-promotion de la santé
99;099_public_address.txt.txt;099_public_address.txt.png;0xC5f352747B6Fbfa80a680BB2AD21dF13f96cBe5F;SARL FLORENCE GOBICHI;Le haut de gamme du bien être à domicile pour nos ainés ;SARL FLORENCE GOBICHI / Le haut de gamme du bien être à domicile pour nos ainés 
100;100_public_address.txt.txt;100_public_address.txt.png;0x383A3d303675275dC323c1f733329199fedE9CE6;SAVEURS ET VIE CONSEIL;NUTRIADOM (Actions de prévention nutrition en sortie d’hospitalisation);SAVEURS ET VIE CONSEIL / NUTRIADOM (Actions de prévention nutrition en sortie d’hospitalisation)
101;101_public_address.txt.txt;101_public_address.txt.png;0xA02E7C313221eb148A3d1252979AEFea86b5e72f;SAVEURS ET VIE CONSEIL;Passeport Nutrition Santé;SAVEURS ET VIE CONSEIL / Passeport Nutrition Santé
102;102_public_address.txt.txt;102_public_address.txt.png;0xcFd75855e245bEB54436b6307ff6BD58Be0A2970;SAVEURS ET VIE CONSEIL;Prise en charge diététique en amont et en aval d’une intervention chirurgicale;SAVEURS ET VIE CONSEIL / Prise en charge diététique en amont et en aval d’une intervention chirurgicale
103;103_public_address.txt.txt;103_public_address.txt.png;0x86b644e58E50e188C0d4d5a63b5B11CC1EfD4E38;SAVOIR SPORT SANTE;Site de proximité accompagnement des seniors;SAVOIR SPORT SANTE / Site de proximité accompagnement des seniors
104;104_public_address.txt.txt;104_public_address.txt.png;0xCD665547566278aDfe3B40ec5FABb289129098E2;SECOURS POPULAIRE Français;Rompre avec l'isolement des séniors accueillis au Secours populaire;SECOURS POPULAIRE Français / Rompre avec l'isolement des séniors accueillis au Secours populaire
105;105_public_address.txt.txt;105_public_address.txt.png;0xDEAE84fCb91D86ED984e82639e398F04d1e9aE7a;SENIOR VISION;Opticien à domicile;SENIOR VISION / Opticien à domicile
106;106_public_address.txt.txt;106_public_address.txt.png;0xDF6C63bbE2b4a678e5b3748b990F505B73a52dCF;SESAME TECHNOLOGY;Sesame Technology - Controle d'accès par Qr Code et Telephone mobile;SESAME TECHNOLOGY / Sesame Technology - Controle d'accès par Qr Code et Telephone mobile
107;107_public_address.txt.txt;107_public_address.txt.png;0xb64DB05b8D4fEcC2aB70F5250B1694228B922A77;SIEL BLEU;Activité physique adaptée aux séniors;SIEL BLEU / Activité physique adaptée aux séniors
108;108_public_address.txt.txt;108_public_address.txt.png;0x6Bf9C21c7402D523c63884d37cCB11A33C66abd7;SIPAD GESTION;PROXIpad : Connecter les séniors à leur territoire;SIPAD GESTION / PROXIpad : Connecter les séniors à leur territoire
109;109_public_address.txt.txt;109_public_address.txt.png;0xa6C0e86C311fb0Da12a0a80A1d40C606672D901E;SPASAD INTERCOMMUNAL AIDES ET SOINS;Prévention de la dénutrition chez les personnes âgées;SPASAD INTERCOMMUNAL AIDES ET SOINS / Prévention de la dénutrition chez les personnes âgées
110;110_public_address.txt.txt;110_public_address.txt.png;0x31DC62f73D8C0a700F0b1744d74bF06b650fA9df;SURESNES CCAS;Ateliers équilibre à domicile;SURESNES CCAS / Ateliers équilibre à domicile
111;111_public_address.txt.txt;111_public_address.txt.png;0xD25B5d5840864D371D151703d57dbb03376C336e;SURESNES CCAS;Remue méninges;SURESNES CCAS / Remue méninges
112;112_public_address.txt.txt;112_public_address.txt.png;0x7337704b10D471ab0f359FEE4C1DA149CA66EF39;SUZANE;Suzane;SUZANE / Suzane
113;113_public_address.txt.txt;113_public_address.txt.png;0x06F1caC4c377D3B5d824d6E445e8b7B7ff2BFe75;TALIVERA;Talivera;TALIVERA / Talivera
114;114_public_address.txt.txt;114_public_address.txt.png;0xe6BF0fBc171B5213a6b6cb3001C8eed9bEBC5EA2;TELEGRAFIK;Otono-me_92.2;TELEGRAFIK / Otono-me_92.2
115;115_public_address.txt.txt;115_public_address.txt.png;0xB883F19EE42f66300935F50b2A9299c28d9769Ea;TENEO;Teneo;TENEO / Teneo
116;116_public_address.txt.txt;116_public_address.txt.png;0x0A3bBc8C5d9B72eE12454087305ba83DAC429D87;TERRA FIRMA SARL;Le Verbatim de la BienTraitance - VBT;TERRA FIRMA SARL / Le Verbatim de la BienTraitance - VBT
117;117_public_address.txt.txt;117_public_address.txt.png;0xb0C8a8a5A46Fe4aAcd97B1402AAFB0d16B8E3C5E;TOUS EN TANDEM;Tous en Tandem, générations complices;TOUS EN TANDEM / Tous en Tandem, générations complices
118;118_public_address.txt.txt;118_public_address.txt.png;0x632817818E89E2EFfEb2C45da7a739B240E25c65;TURTLE CONNECTION ;Produit technologique permettant aux personnes agées d'être en contact avec leur famille;TURTLE CONNECTION  / Produit technologique permettant aux personnes agées d'être en contact avec leur famille
119;119_public_address.txt.txt;119_public_address.txt.png;0xe5675c4e9DCb782Ed5a1f53ee43Bd627F666b23f;UFOLEP;"Ateliers multisportifs ""tous les sports autrement""";"UFOLEP / Ateliers multisportifs ""tous les sports autrement"""
120;120_public_address.txt.txt;120_public_address.txt.png;0x14aBc78AE9cB8A94abbd93064c2de4b8C012e01A;UNIS CITES IDF;Intergénéreux Hauts de Seine - Le Service Civique pour le lien intergénérationnel;UNIS CITES IDF / Intergénéreux Hauts de Seine - Le Service Civique pour le lien intergénérationnel
121;121_public_address.txt.txt;121_public_address.txt.png;0x392EA9225693Ff32896D084ff6dDa61847ccE3DE;UNIVERSITE DU BIEN VIVRE;Université du Bien -vivre;UNIVERSITE DU BIEN VIVRE / Université du Bien -vivre
122;122_public_address.txt.txt;122_public_address.txt.png;0x05C9DB6537eA6FB5b032Ab0019EE0e8a50E413Ad;VOISINS SOLIDAIRES;Retraités Solidaires / Voisins Solidaires  dans les Hauts-de-Seine;VOISINS SOLIDAIRES / Retraités Solidaires / Voisins Solidaires  dans les Hauts-de-Seine
123;123_public_address.txt.txt;123_public_address.txt.png;0x1690f307420AA017707140c6ad123cfa1237C788;VOISINS SOLIDAIRES;Sortie d’hospitalisation des filières gériatriques des Hôpitaux de Beaujon, Louis Mourier, Ambroise Paré et Rives de Seine;VOISINS SOLIDAIRES / Sortie d’hospitalisation des filières gériatriques des Hôpitaux de Beaujon, Louis Mourier, Ambroise Paré et Rives de Seine
124;124_public_address.txt.txt;124_public_address.txt.png;0x838F585DF97aBA024b09cA742A7abe93add1620B;WALKING NERDS;Cartographie des ressources dédiées aux personnes âgées en perte d'autonomie à Chaville;WALKING NERDS / Cartographie des ressources dédiées aux personnes âgées en perte d'autonomie à Chaville
125;125_public_address.txt.txt;125_public_address.txt.png;0xB1067E573AD573071FAEF083eAcB7fd5e7D7ab81;WI PHARMA;WI PHARMA;WI PHARMA / WI PHARMA
126;126_public_address.txt.txt;126_public_address.txt.png;0xd3f0d4e072C9F4176D3Ff38a5d8dfA42384f2635;WIMOOV;Plateforme de mobilité à destination des seniors des Hauts-de-Seine;WIMOOV / Plateforme de mobilité à destination des seniors des Hauts-de-Seine
127;127_public_address.txt.txt;127_public_address.txt.png;0xdc39AF1EE31B1CAbBeC385890771963BbeebE49F;XETCLO;Les Ateliers de Louise et Lou;XETCLO / Les Ateliers de Louise et Lou
128;128_public_address.txt.txt;128_public_address.txt.png;0xE8B26575b53d529Ec90550FB8C76E2037b2E57bb;YEALTH;Yealth - Oui à la santé;YEALTH / Yealth - Oui à la santé
